model,coef_name,elasticity,std_error,p_value,n_obs,r_squared,sample,label,group,ci_low_95,ci_high_95,significant_5pct,plot_order
real_gasoline_trend_main,log_real_gasoline_price,-0.3086351056098628,0.1216589687530511,0.0111842919060549,66419,0.977279101573808,,"Real gasoline, trend",moving_average,-0.547086684365843,-0.07018352685388263,True,0
real_gas_lag7_trend,log_real_gas_lag7,-0.1185684120370681,0.1293500835976939,0.3593274609515123,66005,0.9774088946304736,road-day,"Real gasoline, lag 7",lag,-0.3720945758885481,0.13495775181441194,False,2
real_gas_ma7_trend,log_real_gas_ma7,-0.2561200424249454,0.1290301611477439,0.0471486341880559,66065,0.9774111591514736,road-day,"Real gasoline, MA7",moving_average,-0.5090191582745234,-0.0032209265753673777,True,3
city_day_real_gas_trend,log_real_gasoline_price,-0.7030961745133604,0.2340753040535222,0.002667025133072,1390,0.6227143969715218,city-day,City-day real gasoline,city_day,-1.1618837704582639,-0.2443085785684569,True,8
city_day_real_gas_ma7_trend,log_real_gas_ma7,-0.6729688077491494,0.2337779296524978,0.0039935979517696,1384,0.6223367960878701,city-day,"City-day real gasoline, MA7",city_day,-1.131173549868045,-0.2147640656302537,True,9
