model,coef_name,elasticity,std_error,p_value,n_obs,r_squared
real_gasoline_trend_main,log_real_gasoline_price,-0.5588526271677929,0.1192057599179532,2.7570689485235378e-06,53467,0.9763005421118557
real_gasoline_fe_month,log_real_gasoline_price,-0.11225173824798282,0.17694972954105284,0.5258388732173427,53467,0.9780254404325316
nominal_gasoline_trend,log_gasoline_price,-0.4026229436964101,0.110134229316512,0.0002564335733537752,53467,0.9762463379704712
nominal_diesel_trend,log_diesel_price,-0.17334216012834172,0.11402730058645894,0.12846543776134206,53467,0.9761673145773073
